<keymap version="1" name="Ideavim Synergy" parent="Default for XWin">
  <action id="ChangesView.ToggleCommitUi" />
  <action id="CheckinProject" />
  <action id="CloseActiveTab">
    <keyboard-shortcut first-keystroke="shift ctrl f4" />
    <keyboard-shortcut first-keystroke="ctrl q" />
  </action>
  <action id="EditorDown">
    <keyboard-shortcut first-keystroke="ctrl j" />
    <keyboard-shortcut first-keystroke="down" />
  </action>
  <action id="EditorLeft">
    <keyboard-shortcut first-keystroke="ctrl h" />
    <keyboard-shortcut first-keystroke="left" />
  </action>
  <action id="EditorPageDown" />
  <action id="EditorPageUp" />
  <action id="EditorRight">
    <keyboard-shortcut first-keystroke="ctrl l" />
    <keyboard-shortcut first-keystroke="right" />
  </action>
  <action id="EditorUp">
    <keyboard-shortcut first-keystroke="up" />
    <keyboard-shortcut first-keystroke="ctrl k" />
  </action>
  <action id="FindNext">
    <keyboard-shortcut first-keystroke="f3" />
  </action>
  <action id="Git.Commit.Stage" />
  <action id="GotoNextError">
    <keyboard-shortcut first-keystroke="f2" />
    <keyboard-shortcut first-keystroke="page_down" />
  </action>
  <action id="GotoPreviousError">
    <keyboard-shortcut first-keystroke="shift f2" />
    <keyboard-shortcut first-keystroke="page_up" />
  </action>
  <action id="InsertLiveTemplate" />
  <action id="List-scrollDown" />
  <action id="List-scrollUp" />
  <action id="PopupMenu-selectChild">
    <keyboard-shortcut first-keystroke="ctrl l" />
  </action>
  <action id="PopupMenu-selectNext">
    <keyboard-shortcut first-keystroke="ctrl j" />
  </action>
  <action id="PopupMenu-selectParent">
    <keyboard-shortcut first-keystroke="ctrl h" />
  </action>
  <action id="PopupMenu-selectPrevious" />
  <action id="QuickJavaDoc">
    <mouse-shortcut keystroke="alt button2" />
  </action>
  <action id="QuickPreview">
    <keyboard-shortcut first-keystroke="tab" />
  </action>
  <action id="RiderCoveringTestsPopupCoverAllTestsAction" />
  <action id="RiderNuGetQuickDocAction">
    <mouse-shortcut keystroke="alt button2" />
  </action>
  <action id="RiderTypeHierarchy.BaseOnThisType" />
  <action id="RiderUnitTestRunSolutionTwAction" />
  <action id="SearchEverywhere.NavigateToNextGroup">
    <keyboard-shortcut first-keystroke="ctrl down" />
  </action>
  <action id="SearchEverywhere.NavigateToPrevGroup">
    <keyboard-shortcut first-keystroke="ctrl up" />
  </action>
  <action id="SpeedSearch">
    <keyboard-shortcut first-keystroke="ctrl f" />
    <keyboard-shortcut first-keystroke="alt f3" />
    <keyboard-shortcut first-keystroke="slash" />
  </action>
  <action id="Table-scrollDownChangeSelection" />
  <action id="Table-scrollUpChangeSelection" />
  <action id="Terminal.CloseTab">
    <keyboard-shortcut first-keystroke="ctrl f4" />
    <keyboard-shortcut first-keystroke="ctrl q" />
  </action>
  <action id="Terminal.DownCommandCompletion" />
  <action id="Terminal.Escape">
    <keyboard-shortcut first-keystroke="escape" />
    <keyboard-shortcut first-keystroke="ctrl k" />
  </action>
  <action id="Terminal.InsertInlineCompletionItem" />
  <action id="Terminal.SelectBlockAbove">
    <keyboard-shortcut first-keystroke="ctrl up" />
  </action>
  <action id="Terminal.SelectBlockBelow" />
  <action id="Terminal.ShowDocumentation">
    <mouse-shortcut keystroke="alt button2" />
  </action>
  <action id="Terminal.UpCommandCompletion" />
  <action id="Tree-selectChild">
    <keyboard-shortcut first-keystroke="ctrl l" />
    <keyboard-shortcut first-keystroke="right" />
  </action>
  <action id="Tree-selectFirst">
    <keyboard-shortcut first-keystroke="ctrl home" />
    <keyboard-shortcut first-keystroke="g" second-keystroke="g" />
  </action>
  <action id="Tree-selectLast">
    <keyboard-shortcut first-keystroke="ctrl end" />
    <keyboard-shortcut first-keystroke="shift g" />
  </action>
  <action id="Tree-selectNext">
    <keyboard-shortcut first-keystroke="ctrl j" />
    <keyboard-shortcut first-keystroke="down" />
    <keyboard-shortcut first-keystroke="j" />
  </action>
  <action id="Tree-selectParent">
    <keyboard-shortcut first-keystroke="ctrl h" />
    <keyboard-shortcut first-keystroke="left" />
    <keyboard-shortcut first-keystroke="h" />
  </action>
  <action id="Tree-selectPrevious">
    <keyboard-shortcut first-keystroke="up" />
    <keyboard-shortcut first-keystroke="ctrl k" />
    <keyboard-shortcut first-keystroke="k" />
  </action>
  <action id="TypeHierarchy" />
  <action id="TypeHierarchyBase.BaseOnThisType" />
  <action id="Vcs.Log.FocusTextFilter" />
  <action id="Vcs.Log.GoToChild" />
  <action id="Vcs.Log.GoToParent" />
  <action id="Vcs.Log.ShowTooltip">
    <mouse-shortcut keystroke="alt button2" />
  </action>
</keymap>