<application>
  <component name="ProjectManager">
    <defaultProject>
      <component name="Encoding" addBOMForNewFiles="with BOM under Windows, with no BOM otherwise" />
      <component name="ProjectViewState">
        <option name="autoscrollFromSource" value="true" />
        <option name="hideEmptyMiddlePackages" value="true" />
        <option name="showLibraryContents" value="true" />
      </component>
      <component name="PropertiesComponent">{
  &quot;keyToString&quot;: {
    &quot;settings.editor.selected.configurable&quot;: &quot;configurable.group.build&quot;
  }
}</component>
      <component name="WindowStateProjectService">
        <state x="392" y="102" key="Rider.NewProjectDialog.Size.ideScale=125" timestamp="1756133103947">
          <screen x="0" y="0" width="1920" height="1080" />
        </state>
        <state x="392" y="102" key="Rider.NewProjectDialog.Size.ideScale=125/0.1080.1920.1080/0.0.1920.1080/0.1080.1920.1080" timestamp="1756133103947" />
      </component>
    </defaultProject>
  </component>
</application>