<application>
  <component name="Trusted.Paths">
    <option name="TRUSTED_PROJECT_PATHS">
      <map>
        <entry key="$USER_HOME$/Atom/C/C#/AoC" value="true" />
        <entry key="$USER_HOME$/Atom/C/C#/AoC/.idea/.idea.AoC" value="true" />
        <entry key="$USER_HOME$/Atom/C/C#/AoC/AoC" value="true" />
        <entry key="$USER_HOME$/projects/TestApp" value="true" />
        <entry key="$USER_HOME$/projects/TestApp/.idea/.idea.TestApp.dir" value="true" />
        <entry key="$USER_HOME$/projects/TestApp/TestApp" value="true" />
        <entry key="$USER_HOME$/projects/TestApp/TestApp/.idea/.idea.TestApp.dir" value="true" />
        <entry key="$USER_HOME$/uni/intern/vcpusim" value="true" />
      </map>
    </option>
  </component>
  <component name="Trusted.Paths.Settings">
    <option name="TRUSTED_PATHS">
      <list>
        <option value="$USER_HOME$/uni/intern" />
      </list>
    </option>
  </component>
</application>