<application>
  <component name="DimensionService">
    <location key="find.popup.0.1080.1920.1080@120dpi" x="522" y="1098" />
    <location key="find.popup.0.0.1920.1080@120dpi" x="522" y="16" />
    <size key="find.popup.0.1080.1920.1080@120dpi" width="876" height="1077" />
    <size key="GridCell.Tab.0.left.0.1080.1920.1080@120dpi" width="1832" height="393" />
    <size key="GridCell.Tab.0.center.0.1080.1920.1080@120dpi" width="1832" height="393" />
    <size key="GridCell.Tab.0.right.0.1080.1920.1080@120dpi" width="1832" height="393" />
    <size key="GridCell.Tab.0.bottom.0.1080.1920.1080@120dpi" width="1832" height="393" />
    <size key="GridCell.Tab.0.left.0.0.1920.1080@120dpi" width="1832" height="393" />
    <size key="GridCell.Tab.0.center.0.0.1920.1080@120dpi" width="1832" height="393" />
    <size key="GridCell.Tab.0.right.0.0.1920.1080@120dpi" width="1832" height="393" />
    <size key="GridCell.Tab.0.bottom.0.0.1920.1080@120dpi" width="1832" height="393" />
    <size key="find.popup.0.0.1920.1080@120dpi" width="876" height="1077" />
  </component>
  <component name="WindowManager">
    <frame x="3" y="16" width="1914" height="1061" />
  </component>
  <component name="WindowStateApplicationService">
    <state x="690" y="203" width="530" height="593" key="FileChooserDialogImpl.ideScale=125" timestamp="1756133112514">
      <screen x="0" y="0" width="1920" height="1080" />
    </state>
    <state x="690" y="203" width="530" height="593" key="FileChooserDialogImpl.ideScale=125/0.1080.1920.1080/0.0.1920.1080/0.1080.1920.1080" timestamp="1756133112514" />
    <state width="478" height="148" key="ShowUsagesActions.dimensionServiceKey.ideScale=125" timestamp="1756246108821">
      <screen x="0" y="1080" width="1920" height="1080" />
    </state>
    <state width="478" height="148" key="ShowUsagesActions.dimensionServiceKey.ideScale=125/0.1080.1920.1080/0.0.1920.1080/0.1080.1920.1080" timestamp="1756246108821" />
    <state x="960" y="1626" width="1914" height="1062" key="WELCOME_SCREEN.ideScale=125" timestamp="1756214924488">
      <screen x="0" y="1080" width="1920" height="1080" />
    </state>
    <state x="960" y="1626" width="1914" height="1062" key="WELCOME_SCREEN.ideScale=125/0.1080.1920.1080/0.0.1920.1080/0.1080.1920.1080" timestamp="1756214924488" />
  </component>
</application>